Game,Date,Home,Opp,Rslt,PA,AB,R,H,2B,3B,HR,RBI,BB,IBB,SO,HBP,SH,SF,ROE,GDP,SB,CS,BA,OBP,SLG,OPS,LOB,NumPlayers,Thr,OppStart,gameBA,gameOBP,gameSLG,gameOPS
1,Apr 3,True,PHI,"L,3-4",37,32,3,9,1,1,1,3,2,0,6,1,1,1,0,2,0,0,0.281,0.333,0.469,0.802,7,17,R,J.Hellickson(51),0.28125,0.32432432432432434,0.46875,0.7930743243243243
2,Apr 5,True,PHI,"W,2-0",29,28,2,5,2,0,1,2,1,0,8,0,0,0,0,1,1,0,0.233,0.277,0.417,0.694,3,12,R,J.Eickhoff(61),0.17857142857142858,0.20689655172413793,0.35714285714285715,0.5640394088669951
3,Apr 6,True,PHI,"W,7-4",38,34,7,13,2,0,2,7,2,0,6,0,0,2,0,1,1,0,0.287,0.32,0.489,0.81,7,17,R,C.Buchholz(36),0.38235294117647056,0.39473684210526316,0.6176470588235294,1.0123839009287927
4,Apr 7,False,STL,"W,2-0",35,32,2,7,2,0,1,2,3,0,7,0,0,0,0,0,2,1,0.27,0.312,0.46,0.772,6,12,R,M.Leake(71),0.21875,0.2857142857142857,0.375,0.6607142857142857
5,Apr 8,False,STL,"L,4-10",34,33,4,7,2,1,2,4,1,0,10,0,0,0,0,1,0,0,0.258,0.297,0.472,0.768,3,16,R,M.Wacha(67),0.21212121212121213,0.23529411764705882,0.5151515151515151,0.750445632798574
6,Apr 9,False,STL,"W,8-0",43,36,8,11,3,1,2,6,4,0,3,2,1,0,1,1,0,1,0.267,0.318,0.497,0.815,8,13,R,C.Martínez(35),0.3055555555555556,0.3953488372093023,0.6111111111111112,1.0064599483204135
7,Apr 10,False,PIT,"W,7-1",42,35,7,8,0,0,2,7,6,0,3,0,1,0,1,0,5,0,0.261,0.322,0.483,0.804,8,13,R,T.Glasnow(23),0.22857142857142856,0.3333333333333333,0.4,0.7333333333333334
8,Apr 11,False,PIT,"W,6-2",39,36,6,10,2,0,2,6,1,0,8,1,1,0,0,0,1,0,0.263,0.321,0.485,0.806,6,16,R,J.Taillon(59),0.2777777777777778,0.3076923076923077,0.5,0.8076923076923077
9,Apr 12,False,PIT,"W,9-2",44,41,9,15,5,0,0,9,3,0,5,0,0,0,0,2,1,0,0.277,0.332,0.485,0.818,8,13,R,I.Nova(43),0.36585365853658536,0.4090909090909091,0.4878048780487805,0.8968957871396896
10,Apr 13,True,MIL,"L,1-5",32,30,1,5,0,0,0,1,0,0,6,0,1,1,0,0,2,0,0.267,0.318,0.457,0.775,4,12,R,J.Nelson(68),0.16666666666666666,0.15625,0.16666666666666666,0.32291666666666663
11,Apr 14,True,MIL,"L,4-10",37,35,4,8,0,0,2,3,1,0,9,1,0,0,0,0,0,0,0.263,0.314,0.452,0.765,6,16,L,T.Milone(46),0.22857142857142856,0.2702702702702703,0.4,0.6702702702702703
12,Apr 15,True,MIL,"W,7-5",40,33,7,11,5,2,1,7,5,2,5,0,2,0,0,0,0,0,0.269,0.323,0.472,0.794,9,16,R,Z.Davies(47),0.3333333333333333,0.4,0.696969696969697,1.0969696969696972
13,Apr 16,True,MIL,"L,2-4",34,30,2,5,0,0,1,2,3,0,6,1,0,0,0,1,0,1,0.262,0.319,0.457,0.776,5,14,R,W.Peralta(56),0.16666666666666666,0.2647058823529412,0.26666666666666666,0.5313725490196078
14,Apr 18,True,BAL,"W,9-3",43,35,9,11,3,0,2,9,6,1,8,1,0,1,1,0,2,0,0.266,0.327,0.466,0.793,10,14,R,K.Gausman(9),0.3142857142857143,0.4186046511627907,0.5714285714285714,0.9900332225913622
15,Apr 19,True,BAL,"L,0-2",33,29,0,2,0,0,0,0,4,0,4,0,0,0,0,0,2,0,0.255,0.318,0.443,0.761,6,12,R,U.Jiménez(74),0.06896551724137931,0.18181818181818182,0.06896551724137931,0.2507836990595611
16,Apr 20,True,BAL,"L,1-2",32,31,1,2,1,0,1,1,1,0,14,0,0,0,0,1,0,0,0.243,0.306,0.428,0.734,1,13,L,W.Miley(84),0.06451612903225806,0.09375,0.1935483870967742,0.2872983870967742
17,Apr 21,True,CHC,"L,5-6",47,41,5,10,3,0,1,5,6,1,12,0,0,0,0,1,1,0,0.243,0.309,0.426,0.734,9,15,L,J.Lester(33),0.24390243902439024,0.3404255319148936,0.3902439024390244,0.730669434353918
18,Apr 22,True,CHC,"L,8-12",41,41,8,14,3,0,3,8,0,0,13,0,0,0,1,0,0,0,0.25,0.311,0.44,0.75,6,14,R,J.Arrieta(46),0.34146341463414637,0.34146341463414637,0.6341463414634146,0.975609756097561
19,Apr 23,True,CHC,"W,7-5",35,31,7,6,2,0,1,6,3,0,8,0,0,1,2,0,2,0,0.247,0.308,0.435,0.743,4,13,R,J.Lackey(41),0.1935483870967742,0.2571428571428571,0.3548387096774194,0.6119815668202765
20,Apr 24,False,MIL,"L,7-11",44,38,7,9,5,1,1,7,6,0,9,0,0,0,2,0,2,0,0.247,0.31,0.439,0.749,10,14,R,M.Garza(45),0.23684210526315788,0.3409090909090909,0.5,0.8409090909090908
21,Apr 25,False,MIL,"L,1-9",38,35,1,8,1,0,1,1,3,0,9,0,0,0,1,1,0,0,0.246,0.309,0.434,0.743,10,16,R,Z.Davies(60),0.22857142857142856,0.2894736842105263,0.34285714285714286,0.6323308270676692
22,Apr 26,False,MIL,"L,4-9",38,35,4,8,1,0,4,4,3,0,9,0,0,0,2,2,0,0,0.245,0.308,0.442,0.75,7,17,R,W.Peralta(40),0.22857142857142856,0.2894736842105263,0.6,0.8894736842105263
23,Apr 28,False,STL,"L,5-7",40,35,5,10,1,0,2,5,4,0,7,0,1,0,0,0,0,0,0.247,0.31,0.444,0.754,8,14,R,L.Lynn(59),0.2857142857142857,0.35,0.4857142857142857,0.8357142857142856
24,Apr 30,False,STL,"W,5-4",45,42,5,16,6,0,0,5,3,0,9,0,0,0,0,0,1,1,0.254,0.316,0.448,0.764,13,16,R,M.Leake(56),0.38095238095238093,0.4222222222222222,0.5238095238095238,0.946031746031746
25,May 1,True,PIT,"W,4-3",37,34,4,6,1,0,1,4,3,0,10,0,0,0,1,2,4,0,0.251,0.313,0.442,0.755,4,15,R,G.Cole(58),0.17647058823529413,0.24324324324324326,0.29411764705882354,0.5373608903020668
26,May 2,True,PIT,"L,3-12",37,32,3,5,0,1,1,3,5,0,8,0,0,0,0,0,2,0,0.247,0.311,0.437,0.749,7,17,R,T.Glasnow(53),0.15625,0.2702702702702703,0.3125,0.5827702702702703
27,May 3,True,PIT,"W,7-2",37,32,7,10,2,0,3,7,3,0,9,1,1,0,0,1,0,0,0.249,0.314,0.445,0.759,6,13,R,J.Taillon(32),0.3125,0.3783783783783784,0.65625,1.0346283783783785
28,May 4,True,PIT,"W,4-2",34,32,4,11,3,1,0,4,2,0,6,0,0,0,0,1,2,1,0.253,0.316,0.447,0.763,6,13,R,I.Nova(41),0.34375,0.38235294117647056,0.5,0.8823529411764706
29,May 5,True,SFG,"W,13-3",52,38,13,16,2,2,0,12,12,1,8,1,0,1,1,0,4,0,0.259,0.328,0.452,0.779,15,13,R,M.Cain(0),0.42105263157894735,0.5576923076923077,0.5789473684210527,1.1366396761133604
30,May 6,True,SFG,"W,14-2",46,40,14,18,5,1,3,13,3,0,5,0,1,2,1,0,1,0,0.266,0.333,0.467,0.8,8,13,L,T.Blach(0),0.45,0.45652173913043476,0.85,1.3065217391304347
31,May 7,True,SFG,"W,4-0",33,31,4,7,0,1,2,4,1,0,12,1,0,0,1,0,0,1,0.265,0.331,0.468,0.799,5,10,R,J.Cueto(62),0.22580645161290322,0.2727272727272727,0.4838709677419355,0.7565982404692082
32,May 8,True,NYY,"L,4-10",37,36,4,11,1,0,1,4,1,0,6,0,0,0,2,4,0,0,0.267,0.331,0.466,0.797,6,17,R,M.Tanaka(48),0.3055555555555556,0.32432432432432434,0.4166666666666667,0.7409909909909911
33,May 9,True,NYY,"W,5-3",37,32,5,8,0,0,0,5,4,0,7,1,0,0,1,0,1,0,0.266,0.332,0.46,0.792,8,12,L,C.Sabathia(38),0.25,0.35135135135135137,0.25,0.6013513513513513
34,May 11,False,SFG,"W,3-2",35,33,3,7,2,1,0,3,2,1,4,0,0,0,0,1,1,0,0.265,0.33,0.456,0.786,5,14,L,T.Blach(60),0.21212121212121213,0.2571428571428571,0.3333333333333333,0.5904761904761904
35,May 12,False,SFG,"L,2-3",69,56,2,11,1,1,0,2,8,1,13,2,2,1,0,1,1,0,0.261,0.329,0.447,0.776,16,20,R,J.Cueto(67),0.19642857142857142,0.30434782608695654,0.25,0.5543478260869565
36,May 13,False,SFG,"L,1-3",39,35,1,8,2,0,1,1,4,0,7,0,0,0,0,0,1,0,0.261,0.328,0.445,0.773,11,10,L,M.Moore(62),0.22857142857142856,0.3076923076923077,0.37142857142857144,0.6791208791208792
37,May 14,False,SFG,"L,3-8",36,35,3,11,3,1,0,3,0,0,9,0,0,1,0,2,0,0,0.262,0.328,0.445,0.773,6,16,R,J.Samardzija(52),0.3142857142857143,0.3055555555555556,0.45714285714285713,0.7626984126984127
38,May 16,False,CHC,"L,5-9",40,37,5,10,1,0,3,4,3,0,5,0,0,0,0,0,0,1,0.262,0.328,0.448,0.775,8,14,R,J.Lackey(43),0.2702702702702703,0.325,0.5405405405405406,0.8655405405405405
39,May 17,False,CHC,"L,5-7",39,35,5,9,1,0,1,5,3,0,7,0,1,0,0,0,1,0,0.262,0.327,0.446,0.773,7,15,R,K.Hendricks(54),0.2571428571428571,0.3076923076923077,0.37142857142857144,0.6791208791208792
40,May 18,False,CHC,"L,5-9",42,39,5,12,3,0,0,5,1,0,9,1,0,1,1,0,0,0,0.263,0.328,0.444,0.772,10,17,L,J.Lester(50),0.3076923076923077,0.3333333333333333,0.38461538461538464,0.717948717948718
41,May 19,True,COL,"L,6-12",39,36,6,10,3,0,2,5,2,0,11,1,0,0,0,0,0,1,0.264,0.328,0.446,0.774,6,18,L,T.Anderson(61),0.2777777777777778,0.3333333333333333,0.5277777777777778,0.8611111111111112
42,May 20,True,COL,"W,12-8",45,33,12,12,0,0,3,12,8,1,7,1,0,3,1,1,2,0,0.266,0.332,0.45,0.782,9,13,R,A.Senzatela(42),0.36363636363636365,0.4666666666666667,0.6363636363636364,1.103030303030303
43,May 21,True,COL,"L,4-6",38,34,4,9,1,1,2,4,3,0,9,1,0,0,0,1,3,1,0.266,0.332,0.452,0.784,7,13,L,K.Freeland(42),0.2647058823529412,0.34210526315789475,0.5294117647058824,0.8715170278637772
44,May 22,True,CLE,"W,5-1",33,33,5,10,2,0,1,5,0,0,6,0,0,0,0,0,0,0,0.267,0.331,0.452,0.783,4,13,R,J.Tomlin(41),0.30303030303030304,0.30303030303030304,0.45454545454545453,0.7575757575757576
45,May 23,True,CLE,"L,7-8",43,36,7,11,4,0,1,7,5,0,10,2,0,0,0,0,1,1,0.268,0.333,0.453,0.787,9,15,R,C.Carrasco(49),0.3055555555555556,0.4186046511627907,0.5,0.9186046511627908
46,May 24,False,CLE,"W,4-3",39,34,4,7,0,0,1,4,3,0,8,1,1,0,1,0,0,0,0.266,0.332,0.45,0.782,8,11,R,T.Bauer(56),0.20588235294117646,0.28205128205128205,0.29411764705882354,0.5761689291101055
47,May 26,False,PHI,"W,5-2",36,34,5,7,0,0,2,5,2,0,8,0,0,0,0,0,2,0,0.265,0.331,0.449,0.779,4,12,R,A.Nola(43),0.20588235294117646,0.25,0.38235294117647056,0.6323529411764706
48,May 27,False,PHI,"L,3-4",39,35,3,9,2,0,1,3,3,0,8,1,0,0,0,0,2,0,0.265,0.331,0.448,0.778,9,14,R,J.Eickhoff(43),0.2571428571428571,0.3333333333333333,0.4,0.7333333333333334
49,May 28,False,PHI,"W,8-4",38,37,8,12,0,0,5,8,1,0,7,0,0,0,0,1,0,1,0.266,0.331,0.454,0.785,3,15,R,Z.Eflin(23),0.32432432432432434,0.34210526315789475,0.7297297297297297,1.0718349928876245
50,May 29,False,TOR,"L,2-17",34,32,2,6,0,0,1,2,1,0,7,1,0,0,0,0,1,0,0.265,0.329,0.451,0.78,5,11,R,M.Stroman(59),0.1875,0.23529411764705882,0.28125,0.5165441176470589
51,May 30,False,TOR,"L,4-6",40,34,4,8,1,0,3,4,6,0,11,0,0,0,0,0,3,1,0.264,0.33,0.452,0.782,9,10,L,J.Happ(48),0.23529411764705882,0.35,0.5294117647058824,0.8794117647058823
52,May 31,False,TOR,"L,4-5",38,34,4,7,1,0,2,4,4,0,15,0,0,0,1,1,2,0,0.263,0.329,0.451,0.78,7,10,R,M.Bolsinger(51),0.20588235294117646,0.2894736842105263,0.4117647058823529,0.7012383900928792
53,Jun 2,True,ATL,"W,3-2",36,32,3,6,2,0,1,2,3,0,12,0,1,0,0,0,0,0,0.262,0.328,0.449,0.777,6,16,R,M.Foltynewicz(81),0.1875,0.25,0.34375,0.59375
54,Jun 3,True,ATL,"L,5-6",56,44,5,8,2,0,1,5,10,0,11,1,1,0,0,0,2,0,0.26,0.328,0.446,0.774,15,20,R,R.Dickey(37),0.18181818181818182,0.3392857142857143,0.29545454545454547,0.6347402597402598
55,Jun 4,True,ATL,"L,8-13",41,37,8,12,3,1,3,8,3,0,9,0,1,0,0,1,0,0,0.261,0.329,0.451,0.78,6,12,R,J.Teherán(19),0.32432432432432434,0.36585365853658536,0.7027027027027027,1.068556361239288
56,Jun 5,True,STL,"W,4-2",30,28,4,6,2,0,0,4,2,0,9,0,0,0,0,0,0,2,0.26,0.328,0.448,0.777,2,14,R,C.Martínez(55),0.21428571428571427,0.26666666666666666,0.2857142857142857,0.5523809523809524
57,Jun 6,True,STL,"W,13-1",42,35,13,11,1,1,4,13,6,1,6,1,0,0,0,0,0,0,0.261,0.33,0.454,0.784,5,14,R,A.Wainwright(10),0.3142857142857143,0.42857142857142855,0.7428571428571429,1.1714285714285715
58,Jun 7,True,STL,"W,6-4",34,32,6,10,2,0,3,6,2,0,6,0,0,0,0,2,0,0,0.262,0.331,0.457,0.787,4,13,R,L.Lynn(59),0.3125,0.35294117647058826,0.65625,1.0091911764705883
59,Jun 8,True,STL,"W,5-2",38,35,5,12,1,0,1,4,2,1,7,1,0,0,0,1,1,0,0.264,0.332,0.457,0.788,9,13,R,M.Leake(40),0.34285714285714286,0.39473684210526316,0.45714285714285713,0.8518796992481203
60,Jun 9,False,LAD,"L,2-7",35,32,2,5,0,0,1,2,3,0,11,0,0,0,1,1,0,0,0.262,0.33,0.454,0.784,6,14,L,R.Hill(61),0.15625,0.22857142857142856,0.25,0.47857142857142854
61,Jun 10,False,LAD,"L,4-5",36,35,4,8,1,0,1,4,0,0,11,1,0,0,0,0,0,0,0.261,0.329,0.452,0.781,5,15,L,A.Wood(54),0.22857142857142856,0.25,0.34285714285714286,0.5928571428571429
62,Jun 11,False,LAD,"L,7-9",41,38,7,12,2,0,4,7,2,0,7,0,0,1,0,0,0,0,0.262,0.329,0.456,0.785,7,14,L,H.Ryu(39),0.3157894736842105,0.34146341463414637,0.6842105263157895,1.0256739409499358
63,Jun 12,False,SDP,"L,3-9",36,34,3,8,2,0,0,3,2,0,8,0,0,0,0,1,0,0,0.262,0.328,0.453,0.782,6,15,R,L.Perdomo(50),0.23529411764705882,0.2777777777777778,0.29411764705882354,0.5718954248366013
64,Jun 13,False,SDP,"L,2-6",38,35,2,9,1,0,0,2,2,0,6,1,0,0,0,1,0,0,0.262,0.328,0.451,0.779,9,15,L,C.Richard(64),0.2571428571428571,0.3157894736842105,0.2857142857142857,0.6015037593984962
65,Jun 14,False,SDP,"L,2-4",31,29,2,6,1,0,2,2,1,0,5,0,1,0,0,2,0,0,0.261,0.327,0.451,0.778,2,12,R,J.Chacín(62),0.20689655172413793,0.22580645161290322,0.4482758620689655,0.6740823136818688
66,Jun 16,True,LAD,"L,1-3",31,30,1,5,2,0,1,1,0,0,8,1,0,0,0,1,0,1,0.26,0.325,0.449,0.775,3,14,L,A.Wood(75),0.16666666666666666,0.1935483870967742,0.3333333333333333,0.5268817204301075
67,Jun 17,True,LAD,"L,2-10",39,37,2,11,3,3,0,1,2,0,11,0,0,0,0,1,0,0,0.261,0.325,0.451,0.776,10,14,L,H.Ryu(48),0.2972972972972973,0.3333333333333333,0.5405405405405406,0.8738738738738738
68,Jun 18,True,LAD,"L,7-8",42,36,7,9,2,0,3,7,5,0,9,1,0,0,0,0,1,0,0.26,0.326,0.452,0.778,8,18,R,K.Maeda(61),0.25,0.35714285714285715,0.5555555555555556,0.9126984126984128
69,Jun 19,False,TBR,"W,7-3",43,35,7,9,2,0,2,6,6,1,6,2,0,0,0,0,0,1,0.26,0.327,0.453,0.78,9,9,R,J.Odorizzi(56),0.2571428571428571,0.3953488372093023,0.4857142857142857,0.881063122923588
70,Jun 20,False,TBR,"L,5-6",42,40,5,13,3,2,1,5,2,0,10,0,0,0,0,0,2,0,0.261,0.328,0.455,0.782,10,10,R,A.Cobb(57),0.325,0.35714285714285715,0.575,0.9321428571428572
71,Jun 21,False,TBR,"L,3-8",38,32,3,5,2,0,1,3,6,0,12,0,0,0,1,0,1,0,0.26,0.327,0.453,0.78,8,9,R,E.Ramírez(59),0.15625,0.2894736842105263,0.3125,0.6019736842105263
72,Jun 23,False,WSN,"L,5-6",44,37,5,9,3,0,1,5,3,1,6,3,0,1,0,1,0,0,0.26,0.327,0.452,0.779,9,18,R,S.Strasburg(34),0.24324324324324326,0.3409090909090909,0.40540540540540543,0.7463144963144963
73,Jun 24,False,WSN,"L,3-18",37,34,3,10,2,0,1,3,1,0,5,0,1,1,0,1,0,0,0.26,0.327,0.452,0.779,7,16,R,J.Ross(65),0.29411764705882354,0.2972972972972973,0.4411764705882353,0.7384737678855327
74,Jun 25,False,WSN,"W,6-2",39,37,6,12,3,0,1,5,2,0,9,0,0,0,0,2,0,0,0.261,0.327,0.453,0.78,6,12,R,T.Roark(35),0.32432432432432434,0.358974358974359,0.4864864864864865,0.8454608454608454
75,Jun 26,False,STL,"L,2-8",36,33,2,9,2,0,0,2,1,0,7,0,0,2,1,1,0,1,0.261,0.327,0.451,0.778,7,14,R,M.Wacha(62),0.2727272727272727,0.2777777777777778,0.3333333333333333,0.6111111111111112
76,Jun 27,True,MIL,"W,8-6",37,32,8,10,1,0,4,8,3,0,7,1,0,1,0,0,0,0,0.262,0.327,0.454,0.782,5,15,R,J.Guerra(13),0.3125,0.3783783783783784,0.71875,1.0971283783783785
77,Jun 28,True,MIL,"W,4-3",34,28,4,4,0,0,2,4,6,1,5,0,0,0,0,0,2,0,0.261,0.327,0.453,0.78,6,14,R,C.Anderson(54),0.14285714285714285,0.29411764705882354,0.35714285714285715,0.6512605042016807
78,Jun 29,True,MIL,"L,3-11",35,33,3,7,2,0,2,2,2,0,11,0,0,0,0,1,0,0,0.26,0.326,0.453,0.78,5,15,R,J.Nelson(73),0.21212121212121213,0.2571428571428571,0.45454545454545453,0.7116883116883117
79,Jun 30,True,CHC,"W,5-0",34,31,5,10,3,0,1,4,3,0,10,0,0,0,0,2,2,0,0.261,0.327,0.454,0.781,5,12,L,M.Montgomery(45),0.3225806451612903,0.38235294117647056,0.5161290322580645,0.8984819734345351
80,Jul 1,True,CHC,"W,5-3",37,29,5,8,1,0,0,4,7,2,5,1,0,0,0,2,1,0,0.261,0.328,0.452,0.781,8,15,R,E.Butler(34),0.27586206896551724,0.43243243243243246,0.3103448275862069,0.7427772600186393
81,Jul 2,True,CHC,"L,2-6",35,32,2,5,0,0,0,2,3,0,9,0,0,0,0,0,0,0,0.26,0.327,0.449,0.776,6,15,R,J.Arrieta(79),0.15625,0.22857142857142856,0.15625,0.38482142857142854
82,Jul 3,False,COL,"L,3-5",33,29,3,5,0,0,2,3,3,0,6,0,0,1,0,2,0,0,0.259,0.326,0.448,0.774,3,13,R,J.Hoffman(58),0.1724137931034483,0.24242424242424243,0.3793103448275862,0.6217345872518286
83,Jul 4,False,COL,"W,8-1",41,35,8,10,2,0,3,8,4,0,3,0,2,0,0,0,0,0,0.259,0.327,0.45,0.777,6,13,L,K.Freeland(31),0.2857142857142857,0.34146341463414637,0.6,0.9414634146341463
84,Jul 5,False,COL,"L,3-5",40,37,3,11,1,1,0,2,3,0,9,0,0,0,2,3,2,1,0.26,0.327,0.449,0.776,10,14,R,J.Gray(47),0.2972972972972973,0.35,0.3783783783783784,0.7283783783783784
85,Jul 6,False,COL,"W,6-3",42,35,6,13,5,1,1,6,5,0,8,0,2,0,0,3,0,0,0.261,0.328,0.452,0.78,9,14,R,T.Chatwood(44),0.37142857142857144,0.42857142857142855,0.6571428571428571,1.0857142857142856
86,Jul 7,False,ARI,"L,3-6",35,34,3,8,1,0,2,3,1,0,8,0,0,0,0,0,0,0,0.261,0.328,0.452,0.779,5,13,R,Z.Greinke(75),0.23529411764705882,0.2571428571428571,0.4411764705882353,0.6983193277310924
87,Jul 8,False,ARI,"W,7-0",40,33,7,7,1,1,3,7,5,0,9,1,0,1,0,0,3,0,0.26,0.328,0.453,0.781,6,12,R,T.Walker(38),0.21212121212121213,0.325,0.5757575757575758,0.9007575757575759
88,Jul 9,False,ARI,"W,2-1",37,35,2,8,3,0,0,2,2,1,10,0,0,0,0,0,1,0,0.26,0.327,0.451,0.778,8,13,L,P.Corbin(57),0.22857142857142856,0.2702702702702703,0.3142857142857143,0.5845559845559846
89,Jul 14,True,WSN,"L,0-5",35,33,0,7,1,0,0,0,2,0,7,0,0,0,0,1,1,0,0.259,0.326,0.449,0.775,8,15,L,G.Gonzalez(79),0.21212121212121213,0.2571428571428571,0.24242424242424243,0.49956709956709955
90,Jul 15,True,WSN,"L,7-10",44,37,7,9,2,0,1,7,6,0,13,1,0,0,1,0,1,0,0.259,0.327,0.448,0.775,10,18,R,M.Scherzer(72),0.24324324324324326,0.36363636363636365,0.3783783783783784,0.742014742014742
91,Jul 16,True,WSN,"L,4-14",41,36,4,7,0,0,0,4,5,0,11,0,0,0,1,0,0,0,0.258,0.326,0.445,0.772,10,17,R,T.Roark(60),0.19444444444444445,0.2926829268292683,0.19444444444444445,0.48712737127371275
92,Jul 17,True,WSN,"L,1-6",32,29,1,4,0,0,1,1,2,0,12,1,0,0,0,2,0,0,0.257,0.325,0.444,0.769,4,15,R,S.Strasburg(75),0.13793103448275862,0.21875,0.2413793103448276,0.4601293103448276
93,Jul 18,True,ARI,"L,2-11",35,32,2,6,2,1,1,2,3,1,7,0,0,0,0,0,0,1,0.257,0.325,0.443,0.768,6,14,L,R.Ray(57),0.1875,0.2571428571428571,0.40625,0.6633928571428571
94,Jul 19,True,ARI,"W,4-3",49,43,4,15,2,0,1,4,5,1,9,0,1,0,0,1,2,1,0.258,0.326,0.443,0.769,14,14,R,Z.Greinke(39),0.3488372093023256,0.40816326530612246,0.46511627906976744,0.8732795443758898
95,Jul 20,True,ARI,"L,2-12",34,33,2,8,1,0,2,2,1,0,9,0,0,0,0,1,0,1,0.258,0.325,0.444,0.769,5,14,L,P.Corbin(65),0.24242424242424243,0.2647058823529412,0.45454545454545453,0.7192513368983957
96,Jul 21,True,MIA,"L,1-3",36,28,1,4,1,0,0,1,3,0,6,2,2,1,0,0,0,0,0.257,0.325,0.441,0.766,8,14,R,J.Ureña(64),0.14285714285714285,0.25,0.17857142857142858,0.4285714285714286
97,Jul 22,True,MIA,"L,4-5",39,30,4,8,0,1,1,3,8,1,9,1,0,0,0,3,1,1,0.257,0.326,0.441,0.767,8,15,L,C.O'Grady(44),0.26666666666666666,0.4358974358974359,0.43333333333333335,0.8692307692307693
98,Jul 23,True,MIA,"W,6-3",36,30,6,9,0,0,3,6,3,0,3,2,1,0,1,1,2,0,0.257,0.327,0.443,0.769,6,13,R,T.Koehler(29),0.3,0.3888888888888889,0.6,0.9888888888888889
99,Jul 24,False,CLE,"L,2-6",32,30,2,5,0,0,2,2,1,0,9,1,0,0,0,2,0,0,0.256,0.326,0.442,0.768,3,9,R,J.Tomlin(61),0.16666666666666666,0.21875,0.36666666666666664,0.5854166666666667
100,Jul 25,False,NYY,"L,2-4",32,29,2,3,2,0,0,2,3,0,8,0,0,0,0,1,0,0,0.255,0.325,0.44,0.764,3,13,L,J.Montgomery(71),0.10344827586206896,0.1875,0.1724137931034483,0.3599137931034483
101,Jul 26,False,NYY,"L,5-9",36,33,5,4,1,0,1,5,3,0,12,0,0,0,1,0,0,0,0.254,0.323,0.438,0.761,4,9,R,L.Severino(74),0.12121212121212122,0.19444444444444445,0.24242424242424243,0.43686868686868685
102,Jul 27,False,MIA,"L,1-4",40,36,1,10,1,0,0,1,3,0,6,1,0,0,0,0,0,0,0.254,0.324,0.436,0.76,12,14,L,C.O'Grady(70),0.2777777777777778,0.35,0.3055555555555556,0.6555555555555556
103,Jul 28,False,MIA,"L,4-7",36,32,4,7,0,0,2,4,3,0,11,1,0,0,0,2,1,0,0.254,0.323,0.436,0.76,5,15,R,V.Worley(43),0.21875,0.3055555555555556,0.40625,0.7118055555555556
104,Jul 29,False,MIA,"L,3-7",36,31,3,6,1,0,2,3,3,0,8,1,1,0,0,1,0,0,0.253,0.323,0.436,0.759,6,15,L,A.Conley(66),0.1935483870967742,0.2777777777777778,0.41935483870967744,0.6971326164874552
105,Jul 30,False,MIA,"W,6-4",45,34,6,8,0,0,0,6,9,1,7,0,2,0,0,0,0,0,0.253,0.324,0.434,0.758,12,11,R,D.Straily(54),0.23529411764705882,0.37777777777777777,0.23529411764705882,0.6130718954248366
106,Aug 1,False,PIT,"W,9-1",46,39,9,14,3,1,3,9,3,0,7,1,2,1,1,1,0,0,0.254,0.325,0.437,0.762,10,15,R,J.Taillon(9),0.358974358974359,0.391304347826087,0.717948717948718,1.109253065774805
107,Aug 2,False,PIT,"W,5-2",41,35,5,10,2,0,2,5,4,0,11,0,1,1,0,0,0,0,0.254,0.325,0.438,0.763,9,12,R,T.Williams(52),0.2857142857142857,0.34146341463414637,0.5142857142857142,0.8557491289198607
108,Aug 3,False,PIT,"L,0-6",34,30,0,4,0,0,0,0,3,0,7,0,1,0,0,0,0,0,0.253,0.324,0.435,0.76,7,14,R,C.Kuhl(73),0.13333333333333333,0.20588235294117646,0.13333333333333333,0.3392156862745098
109,Aug 4,True,STL,"W,3-2",31,30,3,9,1,0,0,3,0,0,4,0,1,0,0,0,0,1,0.254,0.324,0.435,0.759,4,14,R,M.Leake(47),0.3,0.2903225806451613,0.3333333333333333,0.6236559139784946
110,Aug 5,True,STL,"L,1-4",35,31,1,5,0,1,1,1,4,1,9,0,0,0,0,0,0,1,0.253,0.323,0.434,0.757,7,12,R,L.Lynn(63),0.16129032258064516,0.2571428571428571,0.3225806451612903,0.5797235023041474
111,Aug 6,True,STL,"L,4-13",38,33,4,8,0,0,2,4,5,1,5,0,0,0,0,2,0,0,0.253,0.324,0.434,0.757,7,16,R,A.Wainwright(35),0.24242424242424243,0.34210526315789475,0.42424242424242425,0.766347687400319
112,Aug 7,True,SDP,"W,11-3",37,31,11,8,1,1,4,11,6,0,5,0,0,0,0,1,1,0,0.253,0.324,0.436,0.76,2,16,R,J.Chacín(44),0.25806451612903225,0.3783783783783784,0.7419354838709677,1.120313862249346
113,Aug 8,True,SDP,"L,3-7",38,32,3,9,0,0,1,3,6,0,9,0,0,0,0,3,0,1,0.253,0.325,0.436,0.76,8,13,R,L.Perdomo(53),0.28125,0.39473684210526316,0.375,0.7697368421052632
114,Aug 9,True,SDP,"W,8-3",40,36,8,11,2,0,2,8,4,0,9,0,0,0,1,0,1,0,0.254,0.325,0.437,0.762,8,13,L,T.Wood(34),0.3055555555555556,0.375,0.5277777777777778,0.9027777777777778
115,Aug 10,True,SDP,"W,10-3",40,30,10,8,1,0,4,10,7,0,7,3,0,0,0,1,0,1,0.254,0.326,0.439,0.765,6,15,R,D.Lamet(55),0.26666666666666666,0.45,0.7,1.15
116,Aug 11,False,MIL,"W,11-10",49,41,11,15,1,0,2,9,8,2,8,0,0,0,0,1,3,0,0.255,0.328,0.44,0.767,11,15,R,J.Nelson(2),0.36585365853658536,0.46938775510204084,0.5365853658536586,1.0059731209556995
117,Aug 12,False,MIL,"L,5-6",41,35,5,6,1,0,3,5,6,0,11,0,0,0,0,1,0,0,0.254,0.328,0.44,0.767,6,17,L,B.Suter(38),0.17142857142857143,0.2926829268292683,0.45714285714285713,0.7498257839721254
118,Aug 13,False,MIL,"L,4-7",39,32,4,8,1,0,1,3,5,0,6,1,1,0,0,2,1,0,0.254,0.328,0.439,0.767,8,13,R,M.Garza(41),0.25,0.358974358974359,0.375,0.733974358974359
119,Aug 14,False,CHC,"L,5-15",43,34,5,8,1,0,1,4,7,0,5,2,0,0,1,0,0,1,0.254,0.328,0.438,0.767,11,15,L,J.Quintana(53),0.23529411764705882,0.3953488372093023,0.35294117647058826,0.7482900136798906
120,Aug 15,False,CHC,"W,2-1",39,32,2,8,1,0,0,2,6,0,10,0,0,1,0,1,2,0,0.254,0.329,0.437,0.766,10,14,R,K.Hendricks(64),0.25,0.358974358974359,0.28125,0.640224358974359
121,Aug 16,False,CHC,"L,6-7",38,34,6,9,2,0,3,6,3,0,9,0,0,1,0,0,0,0,0.254,0.329,0.438,0.767,5,14,R,J.Lackey(63),0.2647058823529412,0.3157894736842105,0.5882352941176471,0.9040247678018576
122,Aug 17,False,CHC,"W,13-10",48,37,13,12,2,0,2,13,8,0,7,1,2,0,1,0,2,0,0.255,0.33,0.439,0.769,8,16,L,J.Lester(8),0.32432432432432434,0.4375,0.5405405405405406,0.9780405405405406
123,Aug 18,False,ATL,"W,5-3",40,34,5,9,1,0,3,4,4,0,11,2,0,0,0,1,1,0,0.255,0.33,0.44,0.771,8,14,R,R.Dickey(48),0.2647058823529412,0.375,0.5588235294117647,0.9338235294117647
124,Aug 19,False,ATL,"W,11-8",45,39,11,14,5,0,1,9,5,0,8,0,0,1,0,0,0,1,0.256,0.331,0.441,0.773,7,16,R,J.Teherán(42),0.358974358974359,0.4222222222222222,0.5641025641025641,0.9863247863247864
125,Aug 20,False,ATL,"L,1-8",41,33,1,8,1,0,0,1,6,1,3,2,0,0,0,1,0,1,0.256,0.332,0.44,0.772,13,14,L,S.Newcomb(54),0.24242424242424243,0.3902439024390244,0.2727272727272727,0.6629711751662971
126,Aug 22,True,CHC,"L,9-13",44,39,9,13,1,0,4,8,5,0,6,0,0,0,0,0,2,1,0.256,0.332,0.442,0.775,8,16,R,J.Lackey(27),0.3333333333333333,0.4090909090909091,0.6666666666666666,1.0757575757575757
127,Aug 23,True,CHC,"L,3-9",34,33,3,7,0,0,3,3,1,0,8,0,0,0,0,1,1,0,0.256,0.332,0.443,0.774,4,14,L,M.Montgomery(67),0.21212121212121213,0.23529411764705882,0.48484848484848486,0.7201426024955437
128,Aug 24,True,CHC,"W,4-2",36,31,4,7,3,0,0,3,5,2,11,0,0,0,1,0,1,0,0.256,0.332,0.442,0.773,8,13,R,J.Arrieta(64),0.22580645161290322,0.3333333333333333,0.3225806451612903,0.6559139784946236
129,Aug 25,True,PIT,"W,9-5",42,33,9,9,2,1,2,8,6,0,11,2,0,1,1,0,1,0,0.256,0.332,0.443,0.775,9,14,R,I.Nova(30),0.2727272727272727,0.40476190476190477,0.5757575757575758,0.9805194805194806
130,Aug 26,True,PIT,"L,0-1",31,30,0,5,0,0,0,0,0,0,10,0,1,0,0,1,2,0,0.255,0.331,0.441,0.772,4,12,R,G.Cole(73),0.16666666666666666,0.16129032258064516,0.16666666666666666,0.3279569892473118
131,Aug 27,True,PIT,"L,2-5",40,32,2,6,1,0,0,2,7,0,6,0,0,1,1,0,0,1,0.255,0.331,0.439,0.771,11,16,R,J.Taillon(46),0.1875,0.325,0.21875,0.54375
132,Aug 29,True,NYM,"W,14-4",48,39,14,15,4,0,2,13,9,1,9,0,0,0,2,2,0,0,0.256,0.333,0.441,0.774,10,15,R,C.Flexen(22),0.38461538461538464,0.5,0.6410256410256411,1.141025641025641
133,Aug 30,True,NYM,"L,0-2",32,28,0,3,2,0,0,0,4,1,10,0,0,0,0,1,0,0,0.255,0.332,0.439,0.772,5,13,R,R.Montero(81),0.10714285714285714,0.21875,0.17857142857142858,0.3973214285714286
134,Aug 31,True,NYM,"W,7-2",38,33,7,9,1,0,3,6,4,1,5,0,1,0,0,0,2,0,0.255,0.332,0.44,0.773,7,13,R,J.deGrom(48),0.2727272727272727,0.34210526315789475,0.5757575757575758,0.9178628389154706
135,Sep 1,False,PIT,"W,7-3",38,33,7,9,2,1,0,6,4,0,8,0,0,1,0,2,2,0,0.255,0.332,0.44,0.772,4,15,R,G.Cole(43),0.2727272727272727,0.34210526315789475,0.3939393939393939,0.7360446570972887
136,Sep 2,False,PIT,"L,0-5",33,31,0,5,1,0,0,0,2,1,6,0,0,0,0,1,3,0,0.255,0.332,0.438,0.77,6,13,R,J.Taillon(69),0.16129032258064516,0.21212121212121213,0.1935483870967742,0.4056695992179863
137,Sep 3,False,PIT,"L,1-3",38,33,1,11,3,0,0,1,3,0,8,0,2,0,0,2,0,0,0.255,0.332,0.438,0.77,10,15,R,T.Williams(65),0.3333333333333333,0.3684210526315789,0.42424242424242425,0.7926634768740032
138,Sep 4,True,MIL,"W,5-4",37,34,5,8,1,0,1,5,3,0,6,0,0,0,1,1,0,0,0.255,0.332,0.438,0.769,6,13,R,C.Anderson(41),0.23529411764705882,0.2972972972972973,0.35294117647058826,0.6502384737678856
139,Sep 5,True,MIL,"W,9-3",39,32,9,11,2,0,1,8,4,1,7,0,2,1,1,1,2,0,0.256,0.332,0.438,0.77,6,14,R,Z.Davies(54),0.34375,0.38461538461538464,0.5,0.8846153846153846
140,Sep 6,True,MIL,"W,7-1",37,33,7,10,1,0,2,6,4,2,8,0,0,0,0,0,2,0,0.256,0.333,0.439,0.771,6,12,R,M.Garza(26),0.30303030303030304,0.3783783783783784,0.5151515151515151,0.8935298935298935
141,Sep 7,False,NYM,"L,2-7",34,31,2,6,3,0,0,2,1,0,6,1,0,1,0,1,1,0,0.256,0.332,0.438,0.77,5,13,R,M.Harvey(49),0.1935483870967742,0.23529411764705882,0.2903225806451613,0.5256166982922201
142,Sep 8,False,NYM,"L,1-5",37,34,1,9,0,0,0,1,1,0,7,0,1,1,0,0,0,0,0.256,0.332,0.436,0.768,9,14,R,S.Lugo(67),0.2647058823529412,0.2702702702702703,0.2647058823529412,0.5349761526232115
143,Sep 9,False,NYM,"L,1-6",37,29,1,4,0,0,0,1,6,1,10,0,1,1,0,0,1,0,0.255,0.331,0.435,0.766,9,12,R,R.Montero(55),0.13793103448275862,0.2702702702702703,0.13793103448275862,0.4082013047530289
144,Sep 10,False,NYM,"W,10-5",45,35,10,10,1,0,2,10,7,1,14,1,1,1,0,0,2,0,0.255,0.332,0.435,0.767,8,15,R,J.deGrom(65),0.2857142857142857,0.4,0.4857142857142857,0.8857142857142857
145,Sep 12,False,STL,"L,4-13",34,33,4,9,2,1,1,3,1,0,5,0,0,0,0,2,0,0,0.255,0.332,0.435,0.767,3,17,R,L.Lynn(44),0.2727272727272727,0.29411764705882354,0.48484848484848486,0.7789661319073085
146,Sep 13,False,STL,"W,6-0",36,33,6,8,0,0,2,6,2,0,5,1,0,0,1,2,0,1,0.255,0.331,0.435,0.767,3,13,R,J.Flaherty(44),0.24242424242424243,0.3055555555555556,0.42424242424242425,0.7297979797979799
147,Sep 14,False,STL,"L,2-5",33,32,2,6,3,1,0,1,1,0,11,0,0,0,1,0,0,1,0.255,0.331,0.435,0.765,4,13,R,L.Weaver(72),0.1875,0.21212121212121213,0.34375,0.5558712121212122
148,Sep 15,True,PIT,"W,4-2",38,31,4,9,2,0,4,4,5,1,8,1,1,0,0,0,0,1,0.255,0.331,0.437,0.768,10,12,R,C.Kuhl(35),0.2903225806451613,0.39473684210526316,0.7419354838709677,1.1366723259762308
149,Sep 16,True,PIT,"W,2-1",28,26,2,4,1,0,1,2,2,0,7,0,0,0,0,0,0,0,0.255,0.331,0.436,0.767,2,12,R,I.Nova(64),0.15384615384615385,0.21428571428571427,0.3076923076923077,0.521978021978022
150,Sep 17,True,PIT,"W,5-2",34,28,5,4,0,1,2,5,5,0,12,1,0,0,0,0,0,0,0.254,0.33,0.436,0.766,5,13,R,G.Cole(47),0.14285714285714285,0.29411764705882354,0.42857142857142855,0.7226890756302521
151,Sep 19,True,STL,"L,7-8",43,33,7,8,2,0,2,7,5,0,11,2,0,3,0,2,1,0,0.254,0.331,0.436,0.767,6,19,R,J.Flaherty(43),0.24242424242424243,0.3488372093023256,0.48484848484848486,0.8336856941508104
152,Sep 20,True,STL,"L,2-9",33,33,2,6,1,0,0,2,0,0,11,0,0,0,0,0,0,0,0.253,0.33,0.435,0.765,4,16,R,L.Weaver(56),0.18181818181818182,0.18181818181818182,0.21212121212121213,0.3939393939393939
153,Sep 21,True,STL,"L,5-8",41,38,5,11,1,0,3,4,3,1,11,0,0,0,0,0,0,0,0.254,0.33,0.436,0.765,9,18,R,C.Martínez(44),0.2894736842105263,0.34146341463414637,0.5526315789473685,0.8940949935815148
154,Sep 22,True,BOS,"L,4-5",39,33,4,9,1,0,1,4,4,0,8,1,1,0,0,1,0,1,0.254,0.33,0.435,0.765,8,17,R,R.Porcello(38),0.2727272727272727,0.358974358974359,0.3939393939393939,0.7529137529137528
155,Sep 23,True,BOS,"L,0-5",32,28,0,3,0,0,0,0,4,0,10,0,0,0,0,1,0,0,0.253,0.329,0.434,0.763,5,14,L,E.Rodríguez(77),0.10714285714285714,0.21875,0.10714285714285714,0.32589285714285715
156,Sep 24,True,BOS,"L,4-5",36,34,4,9,1,1,0,2,2,1,14,0,0,0,0,0,0,1,0.253,0.329,0.433,0.762,5,16,R,D.Fister(47),0.2647058823529412,0.3055555555555556,0.35294117647058826,0.6584967320261439
157,Sep 26,False,MIL,"L,6-7",41,36,6,11,1,1,3,6,3,0,9,1,0,1,1,1,1,0,0.253,0.33,0.434,0.764,8,17,R,Z.Davies(36),0.3055555555555556,0.36585365853658536,0.6388888888888888,1.004742547425474
158,Sep 27,False,MIL,"W,6-0",41,37,6,10,2,0,2,6,3,1,5,0,0,1,1,1,0,0,0.254,0.33,0.435,0.764,8,13,R,B.Woodruff(20),0.2702702702702703,0.3170731707317073,0.4864864864864865,0.8035596572181938
159,Sep 28,False,MIL,"L,3-4",38,33,3,8,1,0,1,3,4,1,9,0,1,0,1,1,1,1,0.253,0.329,0.434,0.764,8,15,L,B.Suter(44),0.24242424242424243,0.3157894736842105,0.36363636363636365,0.6794258373205742
160,Sep 29,False,CHC,"L,4-5",36,33,4,8,2,0,0,4,3,0,8,0,0,0,0,2,1,0,0.253,0.329,0.434,0.763,5,14,L,J.Quintana(41),0.24242424242424243,0.3055555555555556,0.30303030303030304,0.6085858585858586
161,Sep 30,False,CHC,"L,0-9",35,33,0,8,1,0,0,0,1,0,15,1,0,0,0,1,0,1,0.253,0.329,0.433,0.762,8,16,L,J.Lester(66),0.24242424242424243,0.2857142857142857,0.2727272727272727,0.5584415584415584
162,Oct 1,False,CHC,"W,3-1",37,36,3,10,5,0,0,3,1,0,9,0,0,0,0,0,0,1,0.253,0.329,0.433,0.761,7,18,L,M.Montgomery(59),0.2777777777777778,0.2972972972972973,0.4166666666666667,0.713963963963964
